Fid,Forest_Name,Location,Animal,Height_cm,Weight_kg,Color,Diet,Habitat,Predators,Countries_Found,Conservation_Status,Family,Social_Structure,Alert_Message_Date,Alert_Message,Label,Results
172.217.10.42-10.42.0.42-443-34080-6,Abujmarh forest,Chhattisgarh,Aardvark,105-130,40-65,Grey,Insectivore,"Savannas, Grasslands","Lions, Hyenas",India,Least Concern,Orycteropodidae,Solitary,30-03-21 3:39,crossing the forest lines,0,0
183.79.17.108-10.42.0.151-443-60437-6,Annekal Reserved Forest,Western Ghats,Aardwolf,40-50,100-150,Yellow-brown,Insectivore,"Grasslands, Savannas","Lions, Leopards",India,Least Concern,Hyaenidae,Solitary,27-12-19 10:23,hindrance to villagers and  tourists people,1,1
172.217.12.195-10.42.0.211-443-49630-6,Baikunthapur Forest,"Dooars, West Bengal",African Elephant,270-310,2700-6000,Grey,Herbivore,"Savannah, Forest","Lions, Hyenas",India,Vulnerable,Elephantidae,Herd-based,05-05-21 14:38,detection of trespassing ,2,2
10.42.0.151-119.146.74.34-42472-80-6,Bandipur National Park ,Karnataka,African Lion,80-110,120-250,Tan,Carnivore,"Grasslands, Savannas","Hyenas, Crocodiles",India,Vulnerable,Felidae,Group-based,07-09-19 7:27,hindrance to villagers and  tourists people,1,1
172.217.6.237-10.42.0.151-443-54754-6,Bhadra Wildlife Sanctuary,"Shivamogga, Karnataka",African Wild Dog,75-80,18-36,Multicolored,Carnivore,Savannahs,"Lions, Hyenas",India,Endangered,Canidae,Group-based,07-11-21 16:29,detection of trespassing ,2,2
163.177.93.222-10.42.0.151-80-46812-6,Bhagwan Mahaveer Sanctuary and Mollem National Park,"Sanguem taluk, Goa",Alpine Ibex,67-101,19-120,Brown,Herbivore,"Mountains, Alpine","Wolves, Golden Eagles",India,Least Concern,Bovidae,Group-based,28-12-19 23:45,crossing the forest lines,0,0
10.42.0.151-74.125.22.188-37263-5228-6,Bhitarkanika Mangroves ,Odisha,Amazon Rainforest Frog,Feb-21,Up to 0.5,Various,Insectivore,Amazon Rainforest,"Birds, Snakes",India,Not Evaluated,Dendrobatidae,Solitary,31-10-20 12:23,detection of trespassing ,2,2
202.77.129.230-10.42.0.151-80-47935-6,Bondla Wildlife Sanctuary,"Ponda taluk, Goa",American Bison,152-186,"318-1,000",Brown,Herbivore,"Grasslands, Plains","Wolves, Grizzly Bears",India,Near Threatened,Bovidae,Group-based,30-07-20 19:20,hindrance to villagers and  tourists people,1,1
192.229.173.173-10.42.0.151-80-57987-6,Cotigao Wildlife Sanctuary ,"Canacona taluk, Goa",Anteater,52-91,22-41,"Brown, White",Insectivore,"Grasslands, Forests","Jaguars, Pumas",India,Least Concern,Myrmecophagidae,Solitary,12-03-15 6:53,detection of trespassing ,2,2
10.42.0.151-119.146.74.31-39177-443-6,Gir National Park,"Talala taluk, Gir Somnath district, Gujarat",Arabian Horse,140-160,380-1000,Various,Herbivore,"Middle East, North Africa","Humans, Predators",India,Not Applicable,Equidae,Herd-based,03-03-20 6:48,detection of trespassing ,2,2
10.42.0.151-10.42.0.1-13570-53-17,Jakanari reserve forest,Coimbatore,Arabian Oryx,70-90,65-90,White,Herbivore,Desert,"Lions, Leopards",India,Vulnerable,Bovidae,Herd-based,31-03-20 18:23,crossing the forest lines,0,0
222.73.28.96-10.42.0.211-80-34338-6,Jim Corbett National Park,"Nainital district and Pauri Garhwal district, Uttarakhand",Arctic Fox,25-30,2.5-9,White,Omnivore,Tundra,Polar Bears,India,Least Concern,Canidae,Solitary,27-12-19 10:23,detection of trespassing ,2,2
10.42.0.42-115.239.210.141-47686-80-6,Kanha National Park,Madhya Pradesh,Arowana,Up to 120,Up to 6.7,"Silver, Gold, Green","Carnivore, Piscivore","Freshwater Rivers, Lakes","Birds, Larger Fish",India,Not Evaluated,Osteoglossidae,Solitary,02-01-12 15:07,hindrance to villagers and  tourists people,1,1
10.42.0.151-10.42.0.1-45805-53-17,Keibul Lamjao National Park,"Bishnupur district, Manipur",Asian Elephant,200-300,2000-5000,Grey,Herbivore,"Grasslands, Forests","Tigers, Leopards",India,Endangered,Elephantidae,Herd-based,03-03-20 10:17,detection of trespassing ,2,2
174.35.73.135-10.42.0.211-80-41771-6,Kukrail Reserve Forest,"Lucknow, Uttar Pradesh",Atlantic Puffin,25-30,500-620,"Black, White","Carnivore, Piscivore","North Atlantic, Arctic","Gulls, Birds of Prey",India,Vulnerable,Alcidae,Colony-based,02-03-21 18:21,crossing the forest lines,0,0
180.149.134.221-10.42.0.42-80-41726-6,Mhadei Wildlife Sanctuary,"Sattari taluk, Goa",Atlantic Spotted Dolphin,200-250,120-140,"Gray, White",Carnivore,"Oceans, Coastal Areas","Sharks, Orcas",India,Least Concern,Delphinidae,Group-based,26-06-20 10:00,detection of trespassing ,2,2
10.42.0.211-10.42.0.1-28008-53-17,Nagarhole National Park,"Kodagu district and Mysore district, Karnataka",Australian Fur Seal,112-160,18-40,"Brown, Gray",Carnivore,Coastal Waters,"Sharks, Orcas",India,Least Concern,Otariidae,Group-based,16-03-22 6:25,hindrance to villagers and  tourists people,1,1
10.42.0.211-36.110.213.174-55806-443-6,Nallamala Hills   Eastern Ghats,Andhra Pradesh (South of River Krishna),Axolotl,Up to 30,Up to 300,Various,Carnivore,"Lakes, Canals","Fish, Birds",India,Critically Endangered,Ambystomatidae,Solitary,02-06-07 20:02,detection of trespassing ,2,2
172.217.11.42-10.42.0.42-443-59418-6,Namdapha National Park,Arunachal Pradesh,Aye-Aye,35-37,2.2-2.7,"Black, Brown","Omnivore, Insectivore",Rainforests,Birds of Prey,India,Endangered,Daubentoniidae,Solitary,25-10-20 9:16,detection of trespassing ,2,2
203.205.158.66-10.42.0.151-80-55440-6,Nanmangalam forest,"Chennai, Tamil Nadu",Baird's Tapir,76-107,150-400,"Brown, Black",Herbivore,"Rainforests, Grasslands","Jaguars, Crocodiles",India,Endangered,Tapiridae,Solitary,08-10-21 4:28,crossing the forest lines,0,0
10.42.0.211-10.42.0.1-45516-53-17,Netravali Wildlife Sanctuary,Goa,Bald Eagle,70-102,50-75,"Brown, White",Carnivore,"Forests, Lakes, Coasts","Wolves, Raccoons",India,Least Concern,Accipitridae,Solitary,22-08-21 17:14,detection of trespassing ,2,2
10.42.0.211-119.146.74.33-47669-443-6,New Amarambalam Reserved Forest   Nilambur,"Malappuram district, Kerala",Banded Palm Civet,41-71,Not Mentioned,"Brown, Black, White",Omnivore,Forests,Birds of Prey,India,Least Concern,Viverridae,Solitary,24-09-20 20:43,hindrance to villagers and  tourists people,1,1
216.58.219.226-10.42.0.211-443-55294-6,Pichavaram Mangrove Forest   Pichavaram,"Cuddalore district, Tamil Nadu ",Barbary Macaque,Up to 75,Not Mentioned,"Brown, Gray","Herbivore, Omnivore","Forests, Mountains","Leopards, Eagles",India,Endangered,Cercopithecidae,Group-based,21-03-16 3:44,detection of trespassing ,2,2
172.217.3.110-10.42.0.151-443-44237-6,Wayanad Wildlife Sanctuary  Wayanad,Kerala,Basking Shark,Up to 1100,400-700,"Gray, Brown",Carnivore,Oceans,"Orcas, Great White Sharks",India,Vulnerable,Cetorhinidae,Solitary,02-10-20 5:38,crossing the forest lines,0,0
172.217.10.42-10.42.0.211-443-57721-6,Sundarbans,West Bengal,Bearded Dragon,Up to 60,Up to 600,Various,Omnivore,"Deserts, Woodlands","Birds, Snakes",India,Not Evaluated,Agamidae,Solitary,04-07-14 9:35,detection of trespassing ,2,2
172.217.8.4-10.42.0.42-443-46715-6,Bhadra Wildlife Sanctuary,"Shivamogga, Karnataka",Bengal Fox,35-40,2.5-4,Yellowish-gray,Omnivore,Grasslands,"Wolves, Birds of Prey",India,Least Concern,Canidae,Solitary,03-03-18 23:57,hindrance to villagers and  tourists people,1,1
10.42.0.211-106.11.94.27-35349-443-6,Bhagwan Mahaveer Sanctuary and Mollem National Park,"Sanguem taluk, Goa",Bengal Tiger,90-110,220-260,"Orange, Black",Carnivore,"Grasslands, Mangroves","Humans, Crocodiles",India,Endangered,Felidae,Solitary,12-08-20 20:56,detection of trespassing ,2,2
172.217.10.138-10.42.0.42-443-40117-6,Bhitarkanika Mangroves ,Odisha,Black Rhinoceros,132-180,"800-1,400","Gray, Black",Herbivore,"Grasslands, Forests","Lions, Hyenas",India,Critically Endangered,Rhinocerotidae,Solitary,09-12-21 20:28,crossing the forest lines,0,0
192.229.173.173-10.42.0.151-80-46598-6,Bondla Wildlife Sanctuary,"Ponda taluk, Goa",Blobfish,Up to 30,Up to 10,Pinkish-gray,Carnivore,Deep-sea,Not Applicable,India,Vulnerable,Psychrolutidae,Solitary,12-01-22 15:16,detection of trespassing ,2,2
172.217.12.206-10.42.0.211-443-52386-6,Cotigao Wildlife Sanctuary ,"Canacona taluk, Goa",Blobfish,Not Applicable,Not Applicable,Pinkish-gray,Carnivore,Deep-sea,Not Applicable,India,Vulnerable,Psychrolutidae,Solitary,13-06-16 9:52,hindrance to villagers and  tourists people,1,1
10.42.0.211-10.42.0.1-52116-53-17,Gir National Park,"Talala taluk, Gir Somnath district, Gujarat",Blue Jay,22-30,0.07-0.12,"Blue, White",Omnivore,"Forests, Urban Areas","Birds of Prey, Snakes",India,Least Concern,Corvidae,Flocks,29-12-21 14:59,detection of trespassing ,2,2
10.42.0.211-64.71.142.120-37148-443-6,Jakanari reserve forest,Coimbatore,Blue Morpho Butterfly,Up to 15,Up to 0.028,Blue,Herbivore,Rainforests,"Birds, Bats",India,Not Evaluated,Nymphalidae,Solitary,27-02-20 18:00,detection of trespassing ,2,2
10.42.0.211-10.42.0.1-11650-53-17,Jim Corbett National Park,"Nainital district and Pauri Garhwal district, Uttarakhand",Blue Whale,Up to 33.5m,Up to 200 tons,Blue-grey,Filter Feeder,Oceans,Orcas,India,Endangered,Balaenopteridae,Solitary,02-04-22 15:34,crossing the forest lines,0,0
10.42.0.42-125.39.83.108-40521-443-6,Kanha National Park,Madhya Pradesh,Blue-Footed Booby,81-85,1.5-3,"Blue, White",Piscivore,Coastal Areas,"Orcas, Sharks",India,Least Concern,Sulidae,Group-based,02-03-21 18:21,detection of trespassing ,2,2
10.42.0.211-106.11.129.143-45644-80-6,Keibul Lamjao National Park,"Bishnupur district, Manipur",Blue-Ringed Octopus,Up to 20,Up to 0.3,"Blue, Brown",Carnivore,"Coral Reefs, Tide Pools",Larger Fish,India,Near Threatened,Octopodidae,Solitary,17-06-15 3:27,hindrance to villagers and  tourists people,1,1
172.217.12.132-10.42.0.151-443-33413-6,Kukrail Reserve Forest,"Lucknow, Uttar Pradesh",Bonobo,Up to 150,30-40,Black,Omnivore,Rainforests,"Leopards, Humans",India,Endangered,Hominidae,Social groups,01-10-21 10:36,detection of trespassing ,2,2
10.42.0.151-10.42.0.1-49656-53-17,New Amarambalam Reserved Forest   Nilambur,"Malappuram district, Kerala",Bornean Orangutan,96-150,30-82,Reddish-brown,Omnivore,Rainforests,"Tigers, Humans",India,Critically Endangered,Hominidae,Solitary,09-04-22 11:18,detection of trespassing ,2,2
172.217.12.206-10.42.0.151-443-39666-6,Pichavaram Mangrove Forest   Pichavaram,"Cuddalore district, Tamil Nadu ",Bottlenose Dolphin,200-400,150-650,Grey,Carnivore,Oceans,"Sharks, Orcas",India,Least Concern,Delphinidae,Social pods,15-05-22 7:38,crossing the forest lines,0,0
10.42.0.211-10.42.0.1-8693-53-17,Wayanad Wildlife Sanctuary  Wayanad,Kerala,Boxer Dog,53-63,25-32,"Fawn, Brindle",Omnivore,Human Dwellings,Not Applicable,India,Not Applicable,Canidae,Social groups,10-06-18 12:48,detection of trespassing ,2,2
205.185.216.42-10.42.0.151-80-41143-6,Sundarbans,West Bengal,Brazilian Wandering Spider,Up to 5,Up to 0.006,Brown,Carnivore,Forests,"Birds, Mammals",India,Not Evaluated,Ctenidae,Solitary,12-06-21 17:09,hindrance to villagers and  tourists people,1,1
10.42.0.151-31.13.80.5-35876-443-6,Bhadra Wildlife Sanctuary,"Shivamogga, Karnataka",Brown Bear,70-120,70-780,Brown,Omnivore,"Forests, Mountains","Wolves, Tigers",India,Least Concern,Ursidae,Solitary,04-01-22 16:41,detection of trespassing ,2,2
172.217.6.202-10.42.0.151-443-56471-6,Bhagwan Mahaveer Sanctuary and Mollem National Park,"Sanguem taluk, Goa",Burmese Python,Up to 460,Up to 90,"Brown, Black",Carnivore,"Grasslands, Forests","Leopards, Hawksbills",India,Least Concern,Pythonidae,Solitary,26-10-20 7:02,crossing the forest lines,0,0
10.42.0.211-118.178.143.65-48075-80-6,Bhitarkanika Mangroves ,Odisha,Capybara,50-62,35-66,Brown,Herbivore,"Grasslands, Swamps","Jaguars, Anacondas",India,Least Concern,Caviidae,Group-based,14-10-21 15:17,detection of trespassing ,2,2
10.42.0.211-23.206.166.66-49063-80-6,Bondla Wildlife Sanctuary,"Ponda taluk, Goa",Cheetah,70-90,20-72,Tan with Black Spots,Carnivore,"Grasslands, Savannas","Lions, Hyenas",India,Vulnerable,Felidae,Solitary,29-04-21 14:29,hindrance to villagers and  tourists people,1,1
10.42.0.151-104.254.66.16-54073-80-6,Cotigao Wildlife Sanctuary ,"Canacona taluk, Goa",Chimpanzee,Up to 160,26-70,Black,Omnivore,"Rainforests, Grasslands","Leopards, Humans",India,Endangered,Hominidae,Social groups,05-05-21 14:38,detection of trespassing ,2,2
10.42.0.42-14.29.93.243-56301-80-6,Gir National Park,"Talala taluk, Gir Somnath district, Gujarat",Chinese Giant Salamander,Up to 180,Up to 65,Dark Brown,Carnivore,Freshwater,"Fish, Crustaceans",India,Critically Endangered,Cryptobranchidae,Solitary,01-07-20 4:23,crossing the forest lines,0,0
10.42.0.42-104.193.88.109-53643-80-6,Kukrail Reserve Forest,"Lucknow, Uttar Pradesh",Clownfish,07-Oct,50-300,Orange,Omnivore,Coral Reefs,"Larger Fish, Anemones",India,Not Evaluated,Pomacentridae,Group-based,20-07-15 17:24,hindrance to villagers and  tourists people,1,1
216.58.219.202-10.42.0.151-443-36518-6,Mhadei Wildlife Sanctuary,"Sattari taluk, Goa",Coelacanth,Up to 200,Up to 90,"Brown, Grey",Carnivore,"Deep-sea, Caves","Sharks, Humans",India,Not Evaluated,Latimeriidae,Solitary,27-09-22 15:43,detection of trespassing ,2,2
180.163.255.159-10.42.0.211-80-34697-6,Nagarhole National Park,"Kodagu district and Mysore district, Karnataka",Common Dolphin,200-250,100-135,"Gray, Yellow",Carnivore,"Oceans, Coastal Areas","Sharks, Orcas",India,Least Concern,Delphinidae,Group-based,27-02-20 18:00,detection of trespassing ,2,2
10.42.0.1-10.42.0.42-53-16366-17,Nallamala Hills   Eastern Ghats,Andhra Pradesh (South of River Krishna),Common Snapping Turtle,20-36,4.5-16,"Brown, Gray",Omnivore,Freshwater,"Birds, Raccoons",India,Least Concern,Chelydridae,Solitary,17-06-20 13:24,crossing the forest lines,0,0
10.42.0.211-23.194.141.143-55295-443-6,Namdapha National Park,Arunachal Pradesh,Coquerel's Sifaka,40-50,Not Mentioned,"White, Black",Herbivore,"Rainforests, Madagascar","Fossa, Hawks",India,Endangered,Indriidae,Group-based,14-01-19 9:22,detection of trespassing ,2,2
10.42.0.211-23.7.36.183-36332-80-6,Nanmangalam forest,"Chennai, Tamil Nadu",Dalmatian Dog,50-61,23-32,"White, Black",Omnivore,Worldwide,"Wolves, Birds of Prey",India,Not Applicable,Canidae,Pack-based,28-11-21 15:39,hindrance to villagers and  tourists people,1,1
10.42.0.151-114.134.80.163-44391-80-6,Netravali Wildlife Sanctuary,Goa,Dhole,50-55,Not Mentioned,"Red, Brown",Carnivore,"Forests, Grasslands","Tigers, Leopards",India,Endangered,Canidae,Pack-based,27-12-20 18:25,detection of trespassing ,2,2
174.35.73.134-10.42.0.211-80-38368-6,New Amarambalam Reserved Forest   Nilambur,"Malappuram district, Kerala",Dingo,48-58,13-20,"Tan, Brown",Carnivore,"Grasslands, Forests","Humans, Dingoes",India,Least Concern,Canidae,Group-based,05-12-22 9:24,crossing the forest lines,0,0
10.42.0.211-118.242.24.59-37885-18013-6,Pichavaram Mangrove Forest   Pichavaram,"Cuddalore district, Tamil Nadu ",Dugong,Up to 300,Up to 420,Gray,Herbivore,"Coastal Waters, Seagrass","Sharks, Orcas",India,Vulnerable,Dugongidae,Solitary,02-03-21 18:21,detection of trespassing ,2,2
172.217.11.14-10.42.0.211-443-37667-6,Wayanad Wildlife Sanctuary  Wayanad,Kerala,Eastern Gorilla,140-188,73-204,Black,Herbivore,Rainforests,"Leopards, Humans",India,Endangered,Hominidae,Social groups,11-05-20 2:10,hindrance to villagers and  tourists people,1,1
10.42.0.211-10.42.0.1-9060-53-17,Sundarbans,West Bengal,Echidna,30-45,2.5-6.5,"Brown, Tan",Insectivore,"Forests, Grasslands","Dingoes, Eagles",India,Least Concern,Tachyglossidae,Solitary,01-10-22 15:39,detection of trespassing ,2,2
180.149.136.194-10.42.0.211-443-60205-6,Kukrail Reserve Forest,"Lucknow, Uttar Pradesh",Electric Eel,Up to 270,Up to 20,Grayish-brown,Carnivore,Amazon Basin,"Crocodiles, Jaguars",India,Least Concern,Gymnotidae,Solitary,19-06-16 14:38,crossing the forest lines,0,0
10.42.0.151-10.42.0.1-23829-53-17,Mhadei Wildlife Sanctuary,"Sattari taluk, Goa",Emperor Penguin,100,22-45,"Black, White",Carnivore,Antarctic,Leopard Seals,India,Near Threatened,Spheniscidae,Colony-based,14-05-20 4:04,detection of trespassing ,2,2
10.42.0.211-74.125.192.188-60319-5228-6,Nagarhole National Park,"Kodagu district and Mysore district, Karnataka",Emperor Tamarin,23-26,300-400,"Black, White",Omnivore,Rainforests,"Snakes, Hawks",India,Least Concern,Callitrichidae,Group-based,06-07-20 15:09,hindrance to villagers and  tourists people,1,1
10.42.0.211-95.213.11.181-54022-80-6,Nallamala Hills   Eastern Ghats,Andhra Pradesh (South of River Krishna),European Hedgehog,14-30,0.6-1.2,"Brown, Spiny",Omnivore,"Gardens, Grasslands","Foxes, Badgers",India,Least Concern,Erinaceidae,Solitary,28-08-22 7:02,detection of trespassing ,2,2
10.42.0.151-64.95.32.26-35204-443-6,Namdapha National Park,Arunachal Pradesh,Fennec Fox,20-40,0.8-1.6,Cream,Omnivore,Sahara Desert,"Eagles, Jackals",India,Least Concern,Canidae,Solitary,14-10-21 15:17,crossing the forest lines,0,0
216.58.217.67-10.42.0.211-443-54011-6,Nanmangalam forest,"Chennai, Tamil Nadu",Fire Salamander,15-25,Up to 55,"Black, Yellow",Carnivore,"Forests, Caves","Birds, Foxes",India,Near Threatened,Salamandridae,Solitary,07-02-20 5:41,detection of trespassing ,2,2
180.149.138.210-10.42.0.211-80-52068-6,Netravali Wildlife Sanctuary,Goa,Flying Fox,Up to 40,Up to 1.1,"Brown, Gray",Herbivore,Forests,Birds of Prey,India,Least Concern,Pteropodidae,Group-based,02-08-20 2:50,hindrance to villagers and  tourists people,1,1
172.217.6.238-10.42.0.151-443-51144-6,New Amarambalam Reserved Forest   Nilambur,"Malappuram district, Kerala",Fossa,70-90,Not Mentioned,"Brown, Reddish-brown",Carnivore,"Rainforests, Madagascar","Humans, Larger Predators",India,Vulnerable,Eupleridae,Solitary,28-11-21 15:39,detection of trespassing ,2,2
199.59.148.73-10.42.0.211-443-39193-6,Pichavaram Mangrove Forest   Pichavaram,"Cuddalore district, Tamil Nadu ",Frilled Lizard,Up to 90,Up to 0.5,"Brown, Grey","Insectivore, Herbivore",Northern Australia,"Birds, Dingoes",India,Least Concern,Agamidae,Solitary,16-07-21 8:04,crossing the forest lines,0,0
10.42.0.211-74.125.22.188-50270-5228-6,Wayanad Wildlife Sanctuary  Wayanad,Kerala,GalÃ¡pagos Penguin,49-53,1.5-2.5,"Black, White",Carnivore,Coastal Areas,"Orcas, Sharks",India,Endangered,Spheniscidae,Solitary,10-11-20 9:54,detection of trespassing ,2,2
172.217.10.110-10.42.0.42-443-53546-6,Sundarbans,West Bengal,Galápagos Penguin,48-53,1.7-2.6,"Black, White","Carnivore, Piscivore",Galápagos Islands,"Sharks, Birds",India,Endangered,Spheniscidae,Colony-based,16-07-21 8:04,hindrance to villagers and  tourists people,1,1
183.79.250.251-10.42.0.151-443-37631-6,New Amarambalam Reserved Forest   Nilambur,"Malappuram district, Kerala",Galápagos Tortoise,Up to 183,Up to 417,"Brown, Grey",Herbivore,Galápagos Islands,"Humans, Rats",India,Vulnerable,Testudinidae,Solitary,02-09-19 13:51,detection of trespassing ,2,2
172.217.11.42-10.42.0.42-443-58728-6,Pichavaram Mangrove Forest   Pichavaram,"Cuddalore district, Tamil Nadu ",Galliformes,Varies,Varies,Varies,Omnivore,Varies,Varies,India,Varies,Phasianidae,Varies,05-05-21 14:38,detection of trespassing ,2,2
10.42.0.211-121.12.98.64-56590-80-6,Wayanad Wildlife Sanctuary  Wayanad,Kerala,Gaur,180-300,600-1300,"Dark Brown, Black",Herbivore,"Grasslands, Forests","Tigers, Leopards",India,Vulnerable,Bovidae,Herd-based,14-09-19 15:18,crossing the forest lines,0,0
174.129.31.175-10.42.0.211-443-54768-6,Sundarbans,West Bengal,Gerenuk,80-105,28-52,"Brown, White",Herbivore,"Savannas, Scrublands","Lions, Leopards",India,Near Threatened,Bovidae,Solitary,26-08-14 8:52,detection of trespassing ,2,2
10.42.0.151-74.119.119.68-44489-443-6,Kukrail Reserve Forest,"Lucknow, Uttar Pradesh",Gharial,Up to 600,Up to 1500,Brownish-gray,Carnivore,"Rivers, Lakes","Crocodiles, Tigers",India,Critically Endangered,Gavialidae,Solitary,04-03-22 16:20,hindrance to villagers and  tourists people,1,1
10.42.0.151-52.84.135.137-57220-443-6,Mhadei Wildlife Sanctuary,"Sattari taluk, Goa",Giant Pacific Octopus,Up to 5,Up to 25,"Red, Brown",Carnivore,Ocean Floor,"Fish, Sharks",India,Data Deficient,Enteroctopodidae,Solitary,13-01-21 10:10,detection of trespassing ,2,2
157.55.235.173-10.42.0.42-40024-46360-17,Nagarhole National Park,"Kodagu district and Mysore district, Karnataka",Giant Panda,70-90,70-125,"Black, White",Herbivore,Temperate Broadleaf Forests,Snow Leopards,India,Endangered,Ursidae,Solitary,11-11-20 17:03,detection of trespassing ,2,2
172.217.9.227-10.42.0.151-443-60656-6,Nallamala Hills   Eastern Ghats,Andhra Pradesh (South of River Krishna),Gila Monster,Up to 60,Up to 2.3,"Black, Orange",Carnivore,"Deserts, Scrubland","Birds of Prey, Coyotes",India,Least Concern,Helodermatidae,Solitary,28-09-12 19:49,crossing the forest lines,0,0
216.58.219.202-10.42.0.151-443-46727-6,Namdapha National Park,Arunachal Pradesh,Glass Frog,2.2-7.7,Up to 0.03,"Green, Transparent",Insectivore,Rainforests,"Birds, Snakes",India,Least Concern,Centrolenidae,Solitary,25-03-19 16:50,detection of trespassing ,2,2
10.42.0.151-88.212.196.103-43511-443-6,Nanmangalam forest,"Chennai, Tamil Nadu",Goblin Shark,Up to 320,Up to 210,Pinkish-gray,Carnivore,Deep-sea,"Larger Fish, Other Sharks",India,Data Deficient,Mitsukurinidae,Solitary,12-03-20 12:34,detection of trespassing ,2,2
10.42.0.211-64.71.142.125-35944-443-6,New Amarambalam Reserved Forest   Nilambur,"Malappuram district, Kerala",Goblin Shark,Up to 366,Up to 210,Pinkish-gray,Carnivore,Deep-sea,Not Applicable,India,Data Deficient,Mitsukurinidae,Solitary,29-09-20 19:09,crossing the forest lines,0,0
172.217.10.133-10.42.0.151-443-55487-6,Pichavaram Mangrove Forest   Pichavaram,"Cuddalore district, Tamil Nadu ",Golden Lion Tamarin,Up to 35,Up to 0.7,"Golden, Reddish-brown",Omnivore,Tropical Rainforests,"Birds, Snakes",India,Endangered,Callitrichidae,Social groups,17-04-22 7:13,detection of trespassing ,2,2
180.76.138.25-10.42.0.211-80-47454-6,Wayanad Wildlife Sanctuary  Wayanad,Kerala,Golden Poison Dart Frog,03-Jun,Up to 2.4,Various,Insectivore,Rainforests,Snakes,India,Near Threatened,Dendrobatidae,Solitary,28-04-21 9:40,hindrance to villagers and  tourists people,1,1
203.205.158.61-10.42.0.151-80-40903-6,Sundarbans,West Bengal,Great White Shark,Up to 610,Up to 2268,Grey,Carnivore,Oceans,Orcas,India,Vulnerable,Lamnidae,Solitary,01-08-19 17:20,detection of trespassing ,2,2
203.205.179.172-10.42.0.151-80-51767-6,Bhadra Wildlife Sanctuary,"Shivamogga, Karnataka",Great White Shark,Up to 670,Up to 2268,"Gray, White",Carnivore,Oceans,Orcas,India,Vulnerable,Lamnidae,Solitary,08-06-21 15:56,crossing the forest lines,0,0
10.42.0.42-119.146.74.31-35470-443-6,Bhagwan Mahaveer Sanctuary and Mollem National Park,"Sanguem taluk, Goa",Green Anaconda,Up to 550,Up to 97.5,Olive-green,Carnivore,"Swamps, Marshes","Jaguars, Caymans",India,Least Concern,Boidae,Solitary,09-10-20 11:35,detection of trespassing ,2,2
10.42.0.151-54.173.220.111-54434-443-6,Bhitarkanika Mangroves ,Odisha,Green Sea Turtle,Up to 120,Up to 200,Greenish-brown,Herbivore,"Oceans, Coastal Areas",Predatory Fish,India,Endangered,Cheloniidae,Solitary,16-07-15 12:50,hindrance to villagers and  tourists people,1,1
10.42.0.151-52.22.102.34-53632-443-6,Bondla Wildlife Sanctuary,"Ponda taluk, Goa",Green Sea Turtle,70-120,68-190,Green,Herbivore,Oceans,"Sharks, Orcas",India,Endangered,Cheloniidae,Solitary,10-04-19 3:48,detection of trespassing ,2,2
10.42.0.211-10.42.0.1-55667-53-17,Cotigao Wildlife Sanctuary ,"Canacona taluk, Goa",Grevy's Zebra,130-160,350-450,"White, Black",Herbivore,Grasslands,"Lions, Hyenas",India,Endangered,Equidae,Herd-based,25-03-16 8:24,crossing the forest lines,0,0
10.42.0.211-10.42.0.1-18693-53-17,Gir National Park,"Talala taluk, Gir Somnath district, Gujarat",Hagfish,Up to 127,Up to 0.7,"Pink, Gray",Scavenger,"Ocean Floor, Deep-sea",Various Predators,India,Least Concern,Myxinidae,Solitary,30-11-21 13:15,detection of trespassing ,2,2
10.42.0.42-104.244.43.163-43380-443-6,Kukrail Reserve Forest,"Lucknow, Uttar Pradesh",Hagfish,Up to 127,Up to 0.6,Pinkish-gray,Carnivore,Deep-sea,Not Applicable,India,Data Deficient,Myxinidae,Solitary,27-08-22 12:11,hindrance to villagers and  tourists people,1,1
10.42.0.211-10.42.0.1-7686-53-17,Mhadei Wildlife Sanctuary,"Sattari taluk, Goa",Harp Seal,Up to 180,Up to 160,"Silver, Gray",Carnivore,"Arctic, Atlantic Ocean","Polar Bears, Orcas",India,Least Concern,Phocidae,Group-based,13-09-16 15:43,detection of trespassing ,2,2
172.217.10.106-10.42.0.151-443-48914-6,Nagarhole National Park,"Kodagu district and Mysore district, Karnataka",Harpy Eagle,86-107,4.5-9,"Black, White",Carnivore,Rainforests,"Jaguars, Snakes",India,Near Threatened,Accipitridae,Solitary,21-07-22 11:17,crossing the forest lines,0,0
219.147.93.205-10.42.0.211-443-34071-6,Nallamala Hills   Eastern Ghats,Andhra Pradesh (South of River Krishna),Hippopotamus,120-160,1300-3200,Grey,Herbivore,"Rivers, Lakes","Lions, Crocodiles",India,Vulnerable,Hippopotamidae,Group-based,04-11-21 7:34,detection of trespassing ,2,2
180.149.136.194-10.42.0.42-80-46051-6,Namdapha National Park,Arunachal Pradesh,Horseshoe Crab,Up to 56,Up to 2.3,Brownish-gray,"Carnivore, Scavenger","Ocean Floor, Coastal Areas","Birds, Predatory Fish",India,Vulnerable,Limulidae,Solitary,14-03-22 5:59,hindrance to villagers and  tourists people,1,1
172.217.12.163-10.42.0.42-443-48160-6,Nanmangalam forest,"Chennai, Tamil Nadu",Hummingbird,7.5-13,Not Mentioned,Various,"Nectar, Insects",Americas,"Birds of Prey, Snakes",India,Least Concern,Trochilidae,Solitary,05-11-20 16:32,detection of trespassing ,2,2
220.181.7.190-10.42.0.211-443-33887-6,Netravali Wildlife Sanctuary,Goa,Humpback Whale,Up to 1700,Up to 30000,"Black, White",Omnivore,Oceans,Orcas,India,Least Concern,Balaenopteridae,Solitary,17-07-18 5:27,crossing the forest lines,0,0
10.42.0.151-10.42.0.1-40169-53-17,New Amarambalam Reserved Forest   Nilambur,"Malappuram district, Kerala",Iberian Lynx,60-70,Not Mentioned,Yellowish-brown,Carnivore,Mediterranean Scrublands,"Humans, Wildcats",India,Endangered,Felidae,Solitary,26-09-20 10:57,detection of trespassing ,2,2
202.77.129.230-10.42.0.151-80-58558-6,Pichavaram Mangrove Forest   Pichavaram,"Cuddalore district, Tamil Nadu ",Indri,Up to 70,Up to 6,"Black, White",Herbivore,Rainforests,"Fossa, Birds of Prey",India,Critically Endangered,Indridae,Solitary,15-09-21 8:34,hindrance to villagers and  tourists people,1,1
172.217.10.46-10.42.0.151-443-41375-6,Wayanad Wildlife Sanctuary  Wayanad,Kerala,Japanese Giant Hornet,35-55,Up to 6,"Yellow, Black","Carnivore, Insectivore","Forests, Mountains","Birds, Bees",India,Not Evaluated,Vespidae,Colony-based,15-09-21 8:34,detection of trespassing ,2,2
157.240.2.36-10.42.0.211-443-32813-6,Sundarbans,West Bengal,Japanese Macaque,50-60,Not Mentioned,Brown,Omnivore,"Forests, Mountains","Humans, Leopards",India,Least Concern,Cercopithecidae,Social groups,20-06-14 6:47,crossing the forest lines,0,0
10.42.0.151-10.42.0.1-12291-53-17,New Amarambalam Reserved Forest   Nilambur,"Malappuram district, Kerala",Kakapo,Up to 60,Up to 4,Green,Herbivore,"Forests, Islands","Rats, Cats",India,Critically Endangered,Strigopidae,Solitary,02-03-21 18:21,detection of trespassing ,2,2
156.154.200.36-10.42.0.211-443-36404-6,Pichavaram Mangrove Forest   Pichavaram,"Cuddalore district, Tamil Nadu ",Kangaroo Rat,Jul-15,0.035-0.15,"Brown, Gray",Herbivore,Deserts,"Snakes, Birds of Prey",India,Least Concern,Heteromyidae,Solitary,05-05-21 14:38,hindrance to villagers and  tourists people,1,1
10.42.0.1-10.42.0.42-53-35050-17,Wayanad Wildlife Sanctuary  Wayanad,Kerala,King Cobra,Up to 550,Up to 9,Olive-green,Carnivore,"Grasslands, Forests","Birds, Snakes",India,Vulnerable,Elapidae,Solitary,25-08-22 13:06,detection of trespassing ,2,2
162.208.22.39-10.42.0.211-443-57667-6,Sundarbans,West Bengal,Kiwi,25-46,1.0-3.3,Brown,Omnivore,Forests,"Stoats, Cats",India,Vulnerable,Apterygidae,Solitary,02-05-22 20:51,detection of trespassing ,2,2
180.149.136.194-10.42.0.211-80-52226-6,New Amarambalam Reserved Forest   Nilambur,"Malappuram district, Kerala",Komodo Dragon,Up to 300,Up to 90,Grey,Carnivore,"Islands, Grasslands","Humans, Larger Predators",India,Vulnerable,Varanidae,Solitary,18-07-12 12:04,crossing the forest lines,0,0
10.42.0.211-77.234.44.199-51601-80-6,Pichavaram Mangrove Forest   Pichavaram,"Cuddalore district, Tamil Nadu ",Leaf-tailed Gecko,Up to 25,Up to 250,Various,Insectivore,"Rainforests, Madagascar","Birds, Snakes",India,Not Evaluated,Gekkonidae,Solitary,20-02-15 11:59,detection of trespassing ,2,2
10.42.0.151-119.146.74.33-41908-443-6,Wayanad Wildlife Sanctuary  Wayanad,Kerala,Leafy Sea Dragon,Up to 35,Up to 0.5,"Brown, Green",Carnivore,Seaweed Beds,"Fish, Octopuses",India,Near Threatened,Syngnathidae,Solitary,25-08-16 18:06,hindrance to villagers and  tourists people,1,1
10.42.0.151-104.244.43.99-50129-443-6,Sundarbans,West Bengal,Lemur,30-50,0.6-3.5,Various,Omnivore,"Rainforests, Madagascar","Fossa, Hawks",India,Vulnerable,Lemuridae,Group-based,16-11-12 12:59,detection of trespassing ,2,2
175.100.207.233-10.42.0.211-80-47310-6,Kukrail Reserve Forest,"Lucknow, Uttar Pradesh",Lemur,30-65,0.6-4.5,Varies,Herbivore,Forests,Fossa,India,Critically Endangered,Lemuridae,Group-based,30-05-22 19:32,detection of trespassing ,2,2
10.42.0.211-54.192.36.221-37415-443-6,Mhadei Wildlife Sanctuary,"Sattari taluk, Goa",Lion-tailed Macaque,45-60,2.5-10,Black,"Omnivore, Herbivore","Western Ghats, India","Tigers, Leopards",India,Endangered,Cercopithecidae,Social groups,22-05-20 1:51,crossing the forest lines,0,0
157.240.3.19-10.42.0.211-443-35046-6,Nagarhole National Park,"Kodagu district and Mysore district, Karnataka",Lyrebird,80-100,0.9-1.2,"Brown, Black",Omnivore,Rainforests,"Birds of Prey, Dingoes",India,Least Concern,Menuridae,Solitary,26-09-20 10:57,detection of trespassing ,2,2
10.42.0.42-85.93.5.109-48953-80-6,Nallamala Hills   Eastern Ghats,Andhra Pradesh (South of River Krishna),Lyrebird,77-100,0.85-1.1,"Brown, Grey",Omnivore,Forests,Birds of Prey,India,Least Concern,Menuridae,Solitary,25-08-16 18:06,detection of trespassing ,2,2
10.42.0.151-69.147.82.60-56405-443-6,Namdapha National Park,Arunachal Pradesh,Malayan Krait,Up to 150,Up to 2.2,"Black, Yellow",Carnivore,"Forests, Grasslands","Mongooses, Birds",India,Least Concern,Elapidae,Solitary,31-10-22 3:13,crossing the forest lines,0,0
10.42.0.211-64.71.142.96-53660-443-6,Nanmangalam forest,"Chennai, Tamil Nadu",Manatee,300-400,400-590,"Gray, Brown",Herbivore,"Rivers, Coastal Areas","Alligators, Sharks",India,Vulnerable,Trichechidae,Solitary,31-07-14 16:34,detection of trespassing ,2,2
10.42.0.42-14.29.93.243-52857-80-6,New Amarambalam Reserved Forest   Nilambur,"Malappuram district, Kerala",Mandrill,Up to 75,Up to 55,"Brown, Green",Omnivore,Rainforests,"Leopards, Humans",India,Vulnerable,Cercopithecidae,Social groups,25-08-16 18:06,crossing the forest lines,0,0
172.217.3.106-10.42.0.42-443-60131-6,Pichavaram Mangrove Forest   Pichavaram,"Cuddalore district, Tamil Nadu ",Maned Wolf,67-107,20-25,Reddish-Brown,Omnivore,"Grasslands, Forests","Jaguars, Pumas",India,Near Threatened,Canidae,Solitary,12-08-21 9:57,detection of trespassing ,2,2
183.3.235.80-10.42.0.151-80-40065-6,Wayanad Wildlife Sanctuary  Wayanad,Kerala,Mantis Shrimp,Up to 30,Up to 2.7,Various,Carnivore,Coral Reefs,Larger Fish,India,Not Evaluated,Stomatopoda,Solitary,17-08-16 10:32,hindrance to villagers and  tourists people,1,1
172.217.3.106-10.42.0.211-443-60594-6,Sundarbans,West Bengal,Markhor,Up to 115,Up to 110,"Brown, Gray",Herbivore,Mountains,"Wolves, Snow Leopards",India,Near Threatened,Bovidae,Solitary,04-05-20 1:35,detection of trespassing ,2,2
10.42.0.211-23.203.49.224-36526-443-6,Bhadra Wildlife Sanctuary,"Shivamogga, Karnataka",Meerkat,25-35,0.6-1,"Brown, Tan","Omnivore, Insectivore",Arid regions,"Eagles, Jackals",India,Least Concern,Herpestidae,Social groups,21-10-20 15:33,crossing the forest lines,0,0
10.42.0.211-23.46.197.118-41352-443-6,Bhagwan Mahaveer Sanctuary and Mollem National Park,"Sanguem taluk, Goa",Monitor Lizard,Up to 244,Up to 166,Varies,Carnivore,Various,"Birds, Snakes",India,Varies,Varanidae,Solitary,22-03-22 13:09,detection of trespassing ,2,2
203.205.158.61-10.42.0.211-80-60014-6,Bhitarkanika Mangroves ,Odisha,Mountain Gorilla,120-200,70-200,"Black, Brown",Herbivore,"Rainforests, Mountains","Leopards, Humans",India,Endangered,Hominidae,Group-based,29-08-14 13:56,hindrance to villagers and  tourists people,1,1
10.42.0.151-23.66.240.213-55027-80-6,Bondla Wildlife Sanctuary,"Ponda taluk, Goa",Naked Mole Rat,Up to 9,Up to 80,"Pink, Wrinkled","Herbivore, Insectivore",Underground Tunnels,"Snakes, Humans",India,Least Concern,Heterocephalidae,Eusocial,04-09-22 8:21,detection of trespassing ,2,2
172.217.12.174-10.42.0.211-443-35221-6,Cotigao Wildlife Sanctuary ,"Canacona taluk, Goa",Narwhal,Up to 500,Up to 1600,"Gray, Mottled White",Carnivore,Arctic Waters,"Polar Bears, Orcas",India,Near Threatened,Monodontidae,Solitary,20-08-20 9:34,crossing the forest lines,0,0
216.58.219.228-10.42.0.211-443-54688-6,Gir National Park,"Talala taluk, Gir Somnath district, Gujarat",Nudibranch,Up to 30,Up to 1,Various,Carnivore,"Oceans, Coral Reefs","Sea Anemones, Predatory Fish",India,Not Evaluated,Nudibranchia,Solitary,26-01-19 10:00,detection of trespassing ,2,2
192.229.173.173-10.42.0.211-80-50505-6,Kukrail Reserve Forest,"Lucknow, Uttar Pradesh",Numbat,35-45,0.32-1,"Red, White",Insectivore,Eucalyptus Forests,"Foxes, Cats",India,Endangered,Myrmecobiidae,Solitary,25-02-22 13:24,hindrance to villagers and  tourists people,1,1
172.217.10.35-10.42.0.211-80-39600-6,Mhadei Wildlife Sanctuary,"Sattari taluk, Goa",Okapi,200-250,200-350,"Brown, White",Herbivore,Central Africa,"Leopards, Lions",India,Endangered,Giraffidae,Solitary,26-08-20 7:07,detection of trespassing ,2,2
10.42.0.151-10.42.0.1-4179-53-17,Nagarhole National Park,"Kodagu district and Mysore district, Karnataka",Okapi,200-250,200-350,"Dark Brown, White",Herbivore,Rainforests,"Leopards, Humans",India,Endangered,Giraffidae,Solitary,03-07-22 16:28,detection of trespassing ,2,2
10.42.0.42-23.208.87.120-57700-80-6,Nallamala Hills   Eastern Ghats,Andhra Pradesh (South of River Krishna),Orangutan,Up to 160,30-82,Reddish-brown,Omnivore,Rainforests,"Tigers, Humans",India,Critically Endangered,Hominidae,Solitary,06-06-20 12:44,crossing the forest lines,0,0
10.42.0.42-66.198.24.253-57711-443-6,Namdapha National Park,Arunachal Pradesh,Pangolin,30-100,Not Mentioned,"Brown, Yellowish",Insectivore,"Grasslands, Forests","Lions, Tigers",India,Critically Endangered,Manidae,Solitary,21-09-18 5:09,detection of trespassing ,2,2
10.42.0.211-52.84.37.172-40018-443-6,Bhagwan Mahaveer Sanctuary and Mollem National Park,"Sanguem taluk, Goa",Patagonian Mara,45-75,5.5-16,"Brown, Gray",Herbivore,Grasslands,"Foxes, Birds of Prey",India,Least Concern,Caviidae,Group-based,20-03-12 14:57,hindrance to villagers and  tourists people,1,1
10.42.0.151-112.90.74.178-48648-80-6,Bhitarkanika Mangroves ,Odisha,Peacock Mantis Shrimp,Up to 18,Up to 0.4,Various,Carnivore,Coral Reefs,"Fish, Crustaceans",India,Not Evaluated,Gonodactylidae,Solitary,29-10-20 11:49,detection of trespassing ,2,2
10.42.0.211-52.84.40.205-47600-443-6,Bondla Wildlife Sanctuary,"Ponda taluk, Goa",Pink Fairy Armadillo,Sep-15,Up to 120,Pink,Insectivore,Grasslands,"Foxes, Birds of Prey",India,Near Threatened,Chlamyphoridae,Solitary,02-03-21 18:21,detection of trespassing ,2,2
10.42.0.151-23.194.140.73-46795-443-6,Cotigao Wildlife Sanctuary ,"Canacona taluk, Goa",Pink Fairy Armadillo,Dec-15,Up to 0.1,Pinkish,Insectivore,Grasslands,"Birds, Canids",India,Near Threatened,Dasypodidae,Solitary,07-09-22 23:09,crossing the forest lines,0,0
182.22.31.252-10.42.0.151-443-50779-6,Gir National Park,"Talala taluk, Gir Somnath district, Gujarat",Platypus,Oct-15,0.7-2.4,Brown,"Carnivore, Insectivore",Eastern Australia,"Foxes, Birds of Prey",India,Near Threatened,Ornithorhynchidae,Solitary,12-12-21 6:01,hindrance to villagers and  tourists people,1,1
10.42.0.151-10.42.0.1-16886-53-17,Kukrail Reserve Forest,"Lucknow, Uttar Pradesh",Polar Bear,Up to 160,Up to 700,White,Carnivore,Arctic,Orcas,India,Vulnerable,Ursidae,Solitary,14-08-22 14:11,detection of trespassing ,2,2
172.217.12.170-10.42.0.211-443-41214-6,Mhadei Wildlife Sanctuary,"Sattari taluk, Goa",Potoo,21-58,0.2-1,"Gray, Brown","Carnivore, Insectivore","Forests, Woodlands",Birds of Prey,India,Least Concern,Nyctibiidae,Solitary,17-05-16 4:19,crossing the forest lines,0,0
10.42.0.211-64.71.142.124-55657-443-6,Nagarhole National Park,"Kodagu district and Mysore district, Karnataka",Praying Mantis,Up to 15,0.02-0.5,Various,Carnivore,Worldwide,"Birds, Spiders",India,Not Evaluated,Mantidae,Solitary,19-12-20 17:28,detection of trespassing ,2,2
172.217.11.14-10.42.0.211-443-55117-6,Nallamala Hills   Eastern Ghats,Andhra Pradesh (South of River Krishna),Proboscis Monkey,45-75,14-24,"Orange, Brown",Herbivore,"Mangroves, Rainforests",Clouded Leopards,India,Endangered,Cercopithecidae,Social groups,26-02-22 12:33,hindrance to villagers and  tourists people,1,1
10.42.0.42-58.220.11.230-52223-80-6,Namdapha National Park,Arunachal Pradesh,Pronghorn,81-104,40-70,"Brown, White",Herbivore,Grasslands,"Coyotes, Bobcats",India,Least Concern,Antilocapridae,Group-based,11-11-20 11:24,detection of trespassing ,2,2
202.77.129.150-10.42.0.151-80-51631-6,Nanmangalam forest,"Chennai, Tamil Nadu",Pufferfish,Up to 60,Up to 0.8,Various,Carnivore,Tropical and Subtropical,"Sharks, Humans",India,Not Evaluated,Tetraodontidae,Solitary,02-09-16 19:14,detection of trespassing ,2,2
175.100.207.231-10.42.0.211-80-55879-6,Netravali Wildlife Sanctuary,Goa,Quokka,40-54,2.5-5,"Brown, Gray",Herbivore,"Scrublands, Forests","Foxes, Cats",India,Vulnerable,Macropodidae,Solitary,21-07-22 2:24,crossing the forest lines,0,0
10.42.0.211-10.42.0.1-16906-53-17,New Amarambalam Reserved Forest   Nilambur,"Malappuram district, Kerala",Red Fox,35-50,Not Mentioned,Reddish-brown,Omnivore,"Forests, Grasslands","Wolves, Eagles",India,Least Concern,Canidae,Solitary,23-05-22 8:59,detection of trespassing ,2,2
10.42.0.1-10.42.0.42-53-16788-17,Pichavaram Mangrove Forest   Pichavaram,"Cuddalore district, Tamil Nadu ",Red Kangaroo,140-180,18-95,"Brown, Red",Herbivore,Grasslands,"Dingoes, Eagles",India,Least Concern,Macropodidae,Group-based,04-12-16 9:06,hindrance to villagers and  tourists people,1,1
10.42.0.211-114.134.80.163-57192-443-6,Wayanad Wildlife Sanctuary  Wayanad,Kerala,Red Panda,50-65,Not Mentioned,Reddish-brown,Herbivore,Himalayan Foothills,"Snow Leopards, Martens",India,Endangered,Ailuridae,Solitary,26-05-20 6:43,detection of trespassing ,2,2
10.42.0.211-31.13.69.195-56545-443-6,Sundarbans,West Bengal,Red-Eyed Tree Frog,5.1-7.5,Up to 0.1,"Green, Red",Insectivore,Rainforests,"Snakes, Birds",India,Least Concern,Hylidae,Solitary,20-08-20 16:04,detection of trespassing ,2,2
10.42.0.42-111.206.25.159-46340-80-6,New Amarambalam Reserved Forest   Nilambur,"Malappuram district, Kerala",Rottweiler,56-69,36-60,"Black, Tan",Carnivore,Worldwide,"Wolves, Coyotes",India,Not Applicable,Canidae,Pack-based,15-02-19 11:24,crossing the forest lines,0,0
172.217.12.163-10.42.0.211-443-44040-6,Pichavaram Mangrove Forest   Pichavaram,"Cuddalore district, Tamil Nadu ",Saola,Up to 90,Up to 100,"Brown, White",Herbivore,Forests,"Tigers, Leopards",India,Critically Endangered,Bovidae,Solitary,03-11-20 17:30,detection of trespassing ,2,2
208.80.154.224-10.42.0.211-443-47231-6,Wayanad Wildlife Sanctuary  Wayanad,Kerala,Secretary Bird,100-150,2.3-4.5,"Black, Grey",Carnivore,"Grasslands, Savannas","Snakes, Lizards",India,Least Concern,Sagittariidae,Solitary,11-03-20 15:08,detection of trespassing ,2,2
10.42.0.211-121.12.98.62-41147-80-6,Sundarbans,West Bengal,Serval,54-62,Not Mentioned,"Yellowish-Tan, Black",Carnivore,"Grasslands, Wetlands","Leopards, Hyenas",India,Least Concern,Felidae,Solitary,07-09-22 13:21,crossing the forest lines,0,0
10.42.0.211-123.125.46.161-49632-80-6,New Amarambalam Reserved Forest   Nilambur,"Malappuram district, Kerala",Shoebill,110-140,Not Mentioned,Grayish-brown,Carnivore,"Swamps, Marshes","Crocodiles, Snakes",India,Vulnerable,Balaenicipitidae,Solitary,09-03-12 14:22,detection of trespassing ,2,2
172.217.12.206-10.42.0.151-443-37160-6,Pichavaram Mangrove Forest   Pichavaram,"Cuddalore district, Tamil Nadu ",Shortfin Mako Shark,Up to 394,Up to 800,Metallic Blue,Carnivore,Oceans,Larger Sharks,India,Vulnerable,Lamnidae,Solitary,02-05-22 20:51,crossing the forest lines,0,0
157.240.18.36-10.42.0.42-443-56022-6,Wayanad Wildlife Sanctuary  Wayanad,Kerala,Siberian Husky,50-60,16-27,Various,Carnivore,Cold Regions,"Wolves, Bears",India,Not Applicable,Canidae,Pack-based,03-06-20 16:22,detection of trespassing ,2,2
172.217.10.227-10.42.0.211-443-40737-6,Sundarbans,West Bengal,Sloth,50-60,3.6-9,"Brown, Gray",Herbivore,Rainforests,"Jaguars, Harpy Eagles",India,Least Concern,Bradypodidae,Solitary,28-11-19 2:52,hindrance to villagers and  tourists people,1,1
10.42.0.211-119.146.74.33-50805-443-6,Kukrail Reserve Forest,"Lucknow, Uttar Pradesh",Slow Loris,20-38,0.3-1.6,Yellowish-Brown,Omnivore,Forests,"Birds, Snakes",India,Vulnerable,Lorisidae,Solitary,13-07-18 2:44,detection of trespassing ,2,2
216.58.219.227-10.42.0.151-443-38221-6,Mhadei Wildlife Sanctuary,"Sattari taluk, Goa",Snow Leopard,50-70,22-75,"Grayish-yellow, Black",Carnivore,"Mountains, Steppes","Humans, Wolves",India,Vulnerable,Felidae,Solitary,18-12-19 6:55,crossing the forest lines,0,0
10.42.0.211-10.42.0.1-55671-53-17,Nagarhole National Park,"Kodagu district and Mysore district, Karnataka",Snowy Owl,52-71,1.6-3.3,White,Carnivore,"Arctic, North America","Foxes, Wolves",India,Least Concern,Strigidae,Solitary,05-11-22 6:01,detection of trespassing ,2,2
172.217.11.14-10.42.0.151-443-54822-6,Nallamala Hills   Eastern Ghats,Andhra Pradesh (South of River Krishna),Spectacled Bear,120-200,35-77,"Black, Tan",Omnivore,Forests,"Jaguars, Pumas",India,Vulnerable,Ursidae,Solitary,05-05-21 14:38,crossing the forest lines,0,0
172.217.10.78-10.42.0.151-443-42200-6,Namdapha National Park,Arunachal Pradesh,Sperm Whale,Up to 2056,Up to 57000,Gray,Carnivore,Oceans,Orcas,India,Vulnerable,Physeteridae,Solitary,18-09-22 16:31,detection of trespassing ,2,2
10.42.0.211-104.254.66.16-47478-80-6,Nanmangalam forest,"Chennai, Tamil Nadu",Spider Monkey,35-64,Not Mentioned,"Brown, Black",Omnivore,Rainforests,"Jaguars, Pumas",India,Vulnerable,Atelidae,Group-based,01-10-21 10:36,crossing the forest lines,0,0
206.126.112.141-10.42.0.151-443-37248-6,Bhagwan Mahaveer Sanctuary and Mollem National Park,"Sanguem taluk, Goa",Spotted Hyena,70-92,44-64,Yellowish-brown,"Carnivore, Scavenger","Grasslands, Savannahs","Lions, Leopards",India,Least Concern,Hyaenidae,Group-based,02-06-19 20:43,detection of trespassing ,2,2
10.42.0.211-36.110.210.167-55476-80-6,Bhitarkanika Mangroves ,Odisha,Squirrel Monkey,25-35,0.5-1,"Yellowish-Orange, Black",Omnivore,Rainforests,"Snakes, Hawks",India,Least Concern,Cebidae,Group-based,02-01-20 7:56,hindrance to villagers and  tourists people,1,1
10.42.0.211-106.39.169.66-51882-80-6,Bondla Wildlife Sanctuary,"Ponda taluk, Goa",Star-Nosed Mole,Dec-20,Up to 0.06,"Black, Pink",Insectivore,"Wetlands, Forests",Not Applicable,India,Least Concern,Talpidae,Solitary,02-05-22 9:34,detection of trespassing ,2,2
10.42.0.211-104.43.254.159-54229-443-6,Cotigao Wildlife Sanctuary ,"Canacona taluk, Goa",Sumatran Orangutan,66-100,23-56,Reddish-Brown,Omnivore,Rainforests,"Tigers, Humans",India,Critically Endangered,Hominidae,Solitary,26-12-18 13:18,crossing the forest lines,0,0
172.217.10.106-10.42.0.42-443-49651-6,Gir National Park,"Talala taluk, Gir Somnath district, Gujarat",Sumatran Rhino,100-145,750-950,Reddish-Brown,Herbivore,Rainforests,"Tigers, Humans",India,Critically Endangered,Rhinocerotidae,Solitary,31-05-12 14:14,detection of trespassing ,2,2
172.217.12.170-10.42.0.211-443-33885-6,Kukrail Reserve Forest,"Lucknow, Uttar Pradesh",Sumatran Rhinoceros,112-145,500-950,Brown,Herbivore,Rainforests,"Tigers, Humans",India,Critically Endangered,Rhinocerotidae,Solitary,10-09-20 6:00,hindrance to villagers and  tourists people,1,1
10.42.0.211-23.203.49.224-39841-443-6,Mhadei Wildlife Sanctuary,"Sattari taluk, Goa",Sumatran Tiger,70-87,47-121,"Orange, Black Stripes",Carnivore,Rainforests,"Leopards, Humans",India,Critically Endangered,Felidae,Solitary,20-09-21 4:45,detection of trespassing ,2,2
10.42.0.211-23.206.166.62-42575-80-6,Nagarhole National Park,"Kodagu district and Mysore district, Karnataka",Sun Bear,120-150,27-80,Black,Omnivore,Tropical Forests,"Tigers, Leopards",India,Vulnerable,Ursidae,Solitary,18-12-19 6:55,crossing the forest lines,0,0
10.42.0.151-10.42.0.1-3790-53-17,Nallamala Hills   Eastern Ghats,Andhra Pradesh (South of River Krishna),Tapir,70-120,150-400,"Brown, Black",Herbivore,"Rainforests, Grasslands","Jaguars, Crocodiles",India,Vulnerable,Tapiridae,Solitary,31-10-20 7:33,detection of trespassing ,2,2
10.42.0.151-76.13.28.70-33298-443-6,Namdapha National Park,Arunachal Pradesh,Tarsier,Up to 16,Up to 0.2,"Gray, Brown",Insectivore,Rainforests,"Birds, Snakes",India,Vulnerable,Tarsiidae,Solitary,08-06-19 5:39,hindrance to villagers and  tourists people,1,1
10.42.0.42-104.97.95.172-57436-80-6,Nanmangalam forest,"Chennai, Tamil Nadu",Tasmanian Devil,30-76,Not Mentioned,"Black, White","Carnivore, Scavenger","Forests, Grasslands",Tasmanian Tigers,India,Endangered,Dasyuridae,Solitary,21-02-21 15:36,detection of trespassing ,2,2
172.217.10.142-10.42.0.42-443-60830-6,Netravali Wildlife Sanctuary,Goa,Tasmanian Tiger,100-130,20-30,Yellow-brown,Carnivore,Australia,"Humans, Dingoes",India,Extinct,Thylacinidae,Solitary,01-10-21 10:08,detection of trespassing ,2,2
10.42.0.211-54.192.38.154-53341-443-6,New Amarambalam Reserved Forest   Nilambur,"Malappuram district, Kerala",Termite,Up to 0.5,Up to 0.02,Varies,Herbivore,"Forests, Grasslands",Not Applicable,India,Not Applicable,Termitoidae,Social groups,08-06-19 5:39,crossing the forest lines,0,0
10.42.0.211-64.71.142.95-42886-443-6,Pichavaram Mangrove Forest   Pichavaram,"Cuddalore district, Tamil Nadu ",Thorny Devil,Up to 20,Up to 85,"Brown, Tan",Insectivore,"Desert, Scrublands","Birds, Snakes",India,Least Concern,Agamidae,Solitary,31-10-22 3:13,detection of trespassing ,2,2
172.217.6.234-10.42.0.151-443-49966-6,Wayanad Wildlife Sanctuary  Wayanad,Kerala,Three-Toed Sloth,46-58,Up to 8,"Brown, Gray",Herbivore,Rainforests,Harpy Eagles,India,Least Concern,Bradypodidae,Solitary,09-05-16 11:34,hindrance to villagers and  tourists people,1,1
140.205.172.65-10.42.0.211-443-57261-6,Sundarbans,West Bengal,Tibetan Mastiff,61-78,63-75,"Black, Brown, Gray",Omnivore,Human Dwellings,Not Applicable,India,Not Applicable,Canidae,Social groups,18-10-14 2:28,detection of trespassing ,2,2
10.42.0.42-123.125.115.164-53676-443-6,New Amarambalam Reserved Forest   Nilambur,"Malappuram district, Kerala",Tiger,108-133,100-390,"Orange, Black Stripes",Carnivore,Rainforests,"Humans, Leopards",India,Endangered,Felidae,Solitary,19-11-15 13:16,detection of trespassing ,2,2
202.77.129.185-10.42.0.211-80-45813-6,Pichavaram Mangrove Forest   Pichavaram,"Cuddalore district, Tamil Nadu ",Titanoboa,Up to 1440,Up to 24950,Dark Brown,Carnivore,Wetlands,"Fish, Crocodiles",India,Extinct (around 58 million years ago),Boidae,Solitary,15-01-21 9:01,crossing the forest lines,0,0
203.130.53.126-10.42.0.211-80-38980-6,Wayanad Wildlife Sanctuary  Wayanad,Kerala,Toco Toucan,55-65,540-700,"Black, Orange, Yellow",Omnivore,Rainforests,"Birds of Prey, Jaguars",India,Least Concern,Ramphastidae,Flocks,10-04-22 17:52,detection of trespassing ,2,2
172.217.9.227-10.42.0.211-80-45047-6,Sundarbans,West Bengal,Tree Kangaroo,51-79,Not Mentioned,"Brown, Red",Herbivore,Rainforests,"Quolls, Pythons",India,Endangered,Macropodidae,Solitary,17-10-20 12:22,hindrance to villagers and  tourists people,1,1
172.217.12.196-10.42.0.211-443-49324-6,New Amarambalam Reserved Forest   Nilambur,"Malappuram district, Kerala",Tsetse Fly,Up to 0.7,Up to 0.03,"Brown, Gray",Carnivore,Savannahs,Not Applicable,India,Not Applicable,Glossinidae,Solitary,19-10-20 16:55,detection of trespassing ,2,2
10.42.0.211-10.42.0.1-64029-53-17,Pichavaram Mangrove Forest   Pichavaram,"Cuddalore district, Tamil Nadu ",Tuatara,Up to 80,Up to 1.5,Grayish-brown,"Carnivore, Insectivore","Islands, Coastal Areas","Rats, Cats",India,Vulnerable,Rhynchocephalia,Solitary,28-03-16 8:49,crossing the forest lines,0,0
172.217.11.46-10.42.0.151-443-58290-6,Wayanad Wildlife Sanctuary  Wayanad,Kerala,Tufted Puffin,35-41,0.4-1,"Black, White",Carnivore,Coastal Areas,"Eagles, Falcons",India,Least Concern,Alcidae,Social groups,24-05-19 21:33,detection of trespassing ,2,2
10.42.0.151-66.102.255.61-38991-80-6,Sundarbans,West Bengal,Uakari,46-56,Not Mentioned,"Bald, Red",Omnivore,Rainforests,"Jaguars, Snakes",India,Vulnerable,Pitheciidae,Group-based,02-04-12 9:48,crossing the forest lines,0,0
10.42.0.151-31.13.71.7-59286-443-6,Kukrail Reserve Forest,"Lucknow, Uttar Pradesh",Vampire Bat,Up to 9,Up to 0.05,Brown,Carnivore,"Caves, Forests","Hawks, Owls",India,Least Concern,Phyllostomidae,Colony-based,11-11-20 16:25,detection of trespassing ,2,2
10.42.0.211-58.63.236.212-42038-443-6,Mhadei Wildlife Sanctuary,"Sattari taluk, Goa",Vaquita,Up to 150,Up to 55,"Grey, White",Carnivore,Gulf of California,"Nets, Sharks",India,Critically Endangered,Phocoenidae,Solitary,21-09-20 16:32,crossing the forest lines,0,0
10.42.0.1-10.42.0.42-53-2400-17,Nagarhole National Park,"Kodagu district and Mysore district, Karnataka",Vulture,Varies,Varies,"Black, Brown",Carnivore,Various,Not Applicable,India,Varies,Accipitridae,Social groups,03-05-16 12:47,detection of trespassing ,2,2
10.42.0.42-42.236.125.112-33516-80-6,Nallamala Hills   Eastern Ghats,Andhra Pradesh (South of River Krishna),Walrus,Up to 3200,Up to 1200,Brown,Carnivore,"Arctic, Coastal Areas","Polar Bears, Orcas",India,Least Concern,Odobenidae,Group-based,19-03-19 13:16,hindrance to villagers and  tourists people,1,1
10.42.0.42-64.71.142.96-41141-443-6,Namdapha National Park,Arunachal Pradesh,Warthog,85-150,60-150,"Brown, Black",Omnivore,"Savannahs, Grasslands","Lions, Leopards",India,Least Concern,Suidae,Group-based,15-09-21 12:58,detection of trespassing ,2,2
10.42.0.1-10.42.0.42-53-19260-17,Nanmangalam forest,"Chennai, Tamil Nadu",Water Buffalo,200-300,300-1200,Dark Gray,Herbivore,"Grasslands, Wetlands","Tigers, Crocodiles",India,Least Concern,Bovidae,Group-based,29-09-22 18:29,crossing the forest lines,0,0
222.73.28.96-10.42.0.211-80-58375-6,Mhadei Wildlife Sanctuary,"Sattari taluk, Goa",Western Gorilla,140-200,68-182,Black,Herbivore,Rainforests,"Leopards, Humans",India,Critically Endangered,Hominidae,Social groups,30-08-12 8:20,detection of trespassing ,2,2
205.204.101.182-10.42.0.211-443-49143-6,Nagarhole National Park,"Kodagu district and Mysore district, Karnataka",Western Lowland Gorilla,140-200,68-181,Black,Herbivore,Rainforests,"Leopards, Humans",India,Critically Endangered,Hominidae,Social groups,24-05-19 21:33,hindrance to villagers and  tourists people,1,1
10.42.0.151-10.42.0.1-16011-53-17,Nallamala Hills   Eastern Ghats,Andhra Pradesh (South of River Krishna),Whale Shark,Up to 1800,Up to 1500,"Gray, White",Filter Feeder,Oceans,Not Applicable,India,Endangered,Rhincodontidae,Solitary,13-09-20 9:09,detection of trespassing ,2,2
219.142.78.162-10.42.0.151-80-54618-6,Namdapha National Park,Arunachal Pradesh,White Rhinoceros,1400-2300,1800-2500,Gray,Herbivore,Grasslands,"Lions, Hyenas",India,Near Threatened,Rhinocerotidae,Group-based,10-03-20 16:47,crossing the forest lines,0,0
10.42.0.211-10.42.0.1-58071-53-17,Nanmangalam forest,"Chennai, Tamil Nadu",White Tiger,240-260,100-300,"White, Black Stripes",Carnivore,Rainforests,"Humans, Leopards",India,Critically Endangered,Felidae,Solitary,02-04-21 19:56,detection of trespassing ,2,2
10.42.0.151-10.42.0.1-6793-53-17,Netravali Wildlife Sanctuary,Goa,Wild Boar,65-100,30-120,"Brown, Black",Omnivore,"Forests, Grasslands","Tigers, Leopards",India,Least Concern,Suidae,Group-based,02-09-19 13:51,hindrance to villagers and  tourists people,1,1
172.217.3.110-10.42.0.151-443-56652-6,New Amarambalam Reserved Forest   Nilambur,"Malappuram district, Kerala",Wildebeest,170-250,200-390,"Gray, Black",Herbivore,Grasslands,"Lions, Crocodiles",India,Least Concern,Bovidae,Group-based,01-10-21 10:08,detection of trespassing ,2,2
10.42.0.42-123.125.29.220-49199-80-6,Pichavaram Mangrove Forest   Pichavaram,"Cuddalore district, Tamil Nadu ",Wolf,66-81,23-80,"Gray, White",Carnivore,"Forests, Grasslands","Bears, Humans",India,Least Concern,Canidae,Group-based,30-12-22 6:43,detection of trespassing ,2,2
10.42.0.211-23.203.49.224-42376-443-6,Wayanad Wildlife Sanctuary  Wayanad,Kerala,Wolverine,30-45,Not Mentioned,Dark Brown,"Carnivore, Scavenger","Boreal Forests, Tundra","Bears, Wolves",India,Least Concern,Mustelidae,Solitary,01-07-21 14:21,crossing the forest lines,0,0
10.42.0.151-98.139.199.205-36368-443-6,Sundarbans,West Bengal,Wombat,84-118,20-35,"Brown, Gray",Herbivore,"Forests, Grasslands","Dingoes, Tasmanian Devils",India,Least Concern,Vombatidae,Solitary,19-10-19 13:21,detection of trespassing ,2,2
220.243.219.55-10.42.0.42-80-59608-6,New Amarambalam Reserved Forest   Nilambur,"Malappuram district, Kerala",Woodpecker,6.7-18,0.02-0.07,Varies,Insectivore,Forests,"Birds, Snakes",India,Not Applicable,Picidae,Solitary,27-03-15 4:35,crossing the forest lines,0,0
220.243.219.55-10.42.0.211-80-55151-6,Pichavaram Mangrove Forest   Pichavaram,"Cuddalore district, Tamil Nadu ",Woolly Mammoth,Up to 4200,Up to 12000,"Brown, Shaggy",Herbivore,Tundra,Not Applicable,India,"Extinct (around 4,000 years ago)",Elephantidae,Social groups,12-12-21 6:01,detection of trespassing ,2,2
10.42.0.211-64.71.142.125-58549-443-6,Wayanad Wildlife Sanctuary  Wayanad,Kerala,Yak,140-160,500-1200,"Brown, Black",Herbivore,Mountains,"Snow Leopards, Wolves",India,Least Concern,Bovidae,Group-based,17-01-20 9:22,hindrance to villagers and  tourists people,1,1
209.85.201.188-10.42.0.151-5228-53409-6,Sundarbans,West Bengal,Yellow-Eyed Penguin,60-65,Not Mentioned,"Yellow, White",Carnivore,Coastal Areas,"Seals, Orcas",India,Endangered,Spheniscidae,Solitary,23-10-15 12:33,detection of trespassing ,2,2
180.76.147.97-10.42.0.211-80-60005-6,New Amarambalam Reserved Forest   Nilambur,"Malappuram district, Kerala",Yeti Crab,Up to 15,Up to 0.5,"White, Hairy",Omnivore,Hydrothermal Vents,Not Applicable,India,Not Evaluated,Kiwaidae,Solitary,02-03-21 18:21,detection of trespassing ,2,2
10.42.0.151-114.134.80.163-35156-443-6,Pichavaram Mangrove Forest   Pichavaram,"Cuddalore district, Tamil Nadu ",Zebra,220-340,400-900,"Black, White",Herbivore,Grasslands,"Lions, Hyenas",India,Least Concern,Equidae,Group-based,23-10-15 12:33,crossing the forest lines,0,0
10.42.0.42-40.127.169.165-59453-443-6,Wayanad Wildlife Sanctuary  Wayanad,Kerala,Zebra Shark,Up to 330,Up to 32,"Brown, Yellowish",Carnivore,Coral Reefs,Larger Fish,India,Endangered,Stegostomatidae,Solitary,14-10-20 1:16,detection of trespassing ,2,2
